Correction	a	a0	a1	b	b0	b1
KH	-1.49842541993E-01	8.70029558511E-03	-5.32022944894E-04	-1.11866839166E-01	-3.21331809535E+00	1.04075545509E-02
PSE-3	-1.18450178391E-01	3.24106028249E-02	-5.06244232268E-04	-2.80029162629E-01	-3.21284812578E+00	9.84167437300E-03
HNC	-1.18598559472E-01	3.30684550003E-02	-5.08949712993E-04	-2.40585003934E-01	-3.25731135845E+00	1.01232428004E-02
